Team 1,Team 2,Winner,Win Margin,Ground,Match Date
New Zealand,England,New Zealand,11 runs,"Gujarat Stadium, Motera, Ahmedabad",1996-02-14
South Africa,United Arab Emirates,South Africa,169 runs,Rawalpindi Cricket Stadium,1996-02-16
Zimbabwe,West Indies,West Indies,6 wickets,"Lal Bahadur Shastri Stadium, Hyderabad, Deccan",1996-02-16
New Zealand,Netherlands,New Zealand,119 runs,"Indian Petrochemicals Corporation Limited Sports Complex Ground, Baroda",1996-02-17
Sri Lanka,Australia,Sri Lanka,Walkover,"R Premadasa Stadium, Colombo",1996-02-17
Kenya,India,India,7 wickets,"Barabati Stadium, Cuttack",1996-02-18
United Arab Emirates,England,England,8 wickets,"Arbab Niaz Stadium, Peshawar",1996-02-18
New Zealand,South Africa,South Africa,5 wickets,"Iqbal Stadium, Faisalabad",1996-02-20
Zimbabwe,Sri Lanka,Sri Lanka,6 wickets,"Sinhalese Sports Club Ground, Colombo",1996-02-21
West Indies,India,India,5 wickets,"Captain Roop Singh Stadium, Gwalior",1996-02-21
England,Netherlands,England,49 runs,"Arbab Niaz Stadium, Peshawar",1996-02-22
Australia,Kenya,Australia,97 runs,"Indira Priyadarshini Stadium, Visakhapatnam",1996-02-23
United Arab Emirates,Pakistan,Pakistan,9 wickets,"Jinnah Stadium, Gujranwala",1996-02-24
South Africa,England,South Africa,78 runs,Rawalpindi Cricket Stadium,1996-02-25
Sri Lanka,West Indies,Sri Lanka,Walkover,"R Premadasa Stadium, Colombo",1996-02-25
Kenya,Zimbabwe,Zimbabwe,5 wickets,"Moin-ul-Haq Stadium, Patna",1996-02-27
Netherlands,Pakistan,Pakistan,8 wickets,"Gaddafi Stadium, Lahore",1996-02-26
New Zealand,United Arab Emirates,New Zealand,109 runs,"Iqbal Stadium, Faisalabad",1996-02-27
Australia,India,Australia,16 runs,"Wankhede Stadium, Mumbai",1996-02-27
Kenya,West Indies,Kenya,73 runs,"Nehru Stadium, Poona",1996-02-29
Pakistan,South Africa,South Africa,5 wickets,"National Stadium, Karachi",1996-02-29
Zimbabwe,Australia,Australia,8 wickets,"Vidarbha Cricket Association Ground, Nagpur",1996-03-01
Netherlands,United Arab Emirates,United Arab Emirates,7 wickets,"Gaddafi Stadium, Lahore",1996-03-01
India,Sri Lanka,Sri Lanka,6 wickets,"Feroz Shah Kotla, Delhi",1996-03-02
England,Pakistan,Pakistan,7 wickets,"National Stadium, Karachi",1996-03-03
Australia,West Indies,West Indies,4 wickets,"Sawai Mansingh Stadium, Jaipur",1996-03-04
England,New Zealand,New Zealand,9 wickets,"Narendra Modi Stadium, Ahmedabad",2023-10-05
Pakistan,Netherlands,Pakistan,81 runs,"Rajiv Gandhi International Stadium, Uppal, Hyderabad",2023-10-06
Afghanistan,Bangladesh,Bangladesh,6 wickets,"Himachal Pradesh Cricket Association Stadium, Dharamsala",2023-10-07
South Africa,Sri Lanka,South Africa,102 runs,"Arun Jaitley Stadium, Delhi",2023-10-07
Australia,India,India,6 wickets,"MA Chidambaram Stadium, Chepauk, Chennai",2023-10-08
New Zealand,Netherlands,New Zealand,99 runs,"Rajiv Gandhi International Stadium, Uppal, Hyderabad",2023-10-09
England,Bangladesh,England,137 runs,"Himachal Pradesh Cricket Association Stadium, Dharamsala",2023-10-10
Sri Lanka,Pakistan,Pakistan,6 wickets,"Rajiv Gandhi International Stadium, Uppal, Hyderabad",2023-10-10
Afghanistan,India,India,8 wickets,"Arun Jaitley Stadium, Delhi",2023-10-11
South Africa,Australia,South Africa,134 runs,"Bharat Ratna Shri Atal Bihari Vajpayee Ekana Cricket Stadium, Lucknow",2023-10-12
Bangladesh,New Zealand,New Zealand,8 wickets,"MA Chidambaram Stadium, Chepauk, Chennai",2023-10-13
Pakistan,India,India,7 wickets,"Narendra Modi Stadium, Ahmedabad",2023-10-14
Afghanistan,England,Afghanistan,69 runs,"Arun Jaitley Stadium, Delhi",2023-10-15
Sri Lanka,Australia,Australia,5 wickets,"Bharat Ratna Shri Atal Bihari Vajpayee Ekana Cricket Stadium, Lucknow",2023-10-16
Netherlands,South Africa,Netherlands,38 runs,"Himachal Pradesh Cricket Association Stadium, Dharamsala",2023-10-17
New Zealand,Afghanistan,New Zealand,149 runs,"MA Chidambaram Stadium, Chepauk, Chennai",2023-10-18
Bangladesh,India,India,7 wickets,"Maharashtra Cricket Association Stadium, Pune",2023-10-19
Australia,Pakistan,Australia,62 runs,"M Chinnaswamy Stadium, Bengaluru",2023-10-20
Netherlands,Sri Lanka,Sri Lanka,5 wickets,"Bharat Ratna Shri Atal Bihari Vajpayee Ekana Cricket Stadium, Lucknow",2023-10-21
South Africa,England,South Africa,229 runs,"Wankhede Stadium, Mumbai",2023-10-21
New Zealand,India,India,4 wickets,"Himachal Pradesh Cricket Association Stadium, Dharamsala",2023-10-22
Pakistan,Afghanistan,Afghanistan,8 wickets,"MA Chidambaram Stadium, Chepauk, Chennai",2023-10-23
South Africa,Bangladesh,South Africa,149 runs,"Wankhede Stadium, Mumbai",2023-10-24
Australia,Netherlands,Australia,309 runs,"Arun Jaitley Stadium, Delhi",2023-10-25
England,Sri Lanka,Sri Lanka,8 wickets,"M Chinnaswamy Stadium, Bengaluru",2023-10-26
Pakistan,South Africa,South Africa,1 wickets,"MA Chidambaram Stadium, Chepauk, Chennai",2023-10-27
England,India,England,202 runs,"Lord's, London",1975-06-07
New Zealand,East Africa,New Zealand,181 runs,"Edgbaston, Birmingham",1975-06-07
Australia,Pakistan,Australia,73 runs,"Headingley, Leeds",1975-06-07
Sri Lanka,West Indies,West Indies,9 wickets,"Old Trafford, Manchester",1975-06-07
England,New Zealand,England,80 runs,"Trent Bridge, Nottingham",1975-06-11
East Africa,India,India,10 wickets,"Headingley, Leeds",1975-06-11
Australia,Sri Lanka,Australia,52 runs,"Kennington Oval, London",1975-06-11
Pakistan,West Indies,West Indies,1 wickets,"Edgbaston, Birmingham",1975-06-11
England,East Africa,England,196 runs,"Edgbaston, Birmingham",1975-06-14
India,New Zealand,New Zealand,4 wickets,"Old Trafford, Manchester",1975-06-14
Australia,West Indies,West Indies,7 wickets,"Kennington Oval, London",1975-06-14
Pakistan,Sri Lanka,Pakistan,192 runs,"Trent Bridge, Nottingham",1975-06-14
England,Australia,Australia,4 wickets,"Headingley, Leeds",1975-06-18
New Zealand,West Indies,West Indies,5 wickets,"Kennington Oval, London",1975-06-18
West Indies,Australia,West Indies,17 runs,"Lord's, London",1975-06-21
England,South Africa,England,104 runs,"Kennington Oval, London",2019-05-30
Pakistan,West Indies,West Indies,7 wickets,"Trent Bridge, Nottingham",2019-05-31
Sri Lanka,New Zealand,New Zealand,10 wickets,"Sophia Gardens, Cardiff",2019-06-01
Afghanistan,Australia,Australia,7 wickets,"County Ground, Bristol",2019-06-01
Bangladesh,South Africa,Bangladesh,21 runs,"Kennington Oval, London",2019-06-02
Pakistan,England,Pakistan,14 runs,"Trent Bridge, Nottingham",2019-06-03
Sri Lanka,Afghanistan,Sri Lanka,34 runs,"Sophia Gardens, Cardiff",2019-06-04
South Africa,India,India,6 wickets,"The Rose Bowl, Southampton",2019-06-05
Bangladesh,New Zealand,New Zealand,2 wickets,"Kennington Oval, London",2019-06-05
Australia,West Indies,Australia,15 runs,"Trent Bridge, Nottingham",2019-06-06
Pakistan,Sri Lanka,No Result,,"County Ground, Bristol",2019-06-07
England,Bangladesh,England,106 runs,"Sophia Gardens, Cardiff",2019-06-08
Afghanistan,New Zealand,New Zealand,7 wickets,"The Cooper Associates County Ground, Taunton",2019-06-08
India,Australia,India,36 runs,"Kennington Oval, London",2019-06-09
South Africa,West Indies,No Result,,"The Rose Bowl, Southampton",2019-06-10
Bangladesh,Sri Lanka,No Result,,"County Ground, Bristol",2019-06-11
Australia,Pakistan,Australia,41 runs,"The Cooper Associates County Ground, Taunton",2019-06-12
India,New Zealand,No Result,,"Trent Bridge, Nottingham",2019-06-13
West Indies,England,England,8 wickets,"The Rose Bowl, Southampton",2019-06-14
Australia,Sri Lanka,Australia,87 runs,"Kennington Oval, London",2019-06-15
Afghanistan,South Africa,South Africa,9 wickets,"Sophia Gardens, Cardiff",2019-06-15
India,Pakistan,India,89 runs,"Old Trafford, Manchester",2019-06-16
West Indies,Bangladesh,Bangladesh,7 wickets,"The Cooper Associates County Ground, Taunton",2019-06-17
England,Afghanistan,England,150 runs,"Old Trafford, Manchester",2019-06-18
South Africa,New Zealand,New Zealand,4 wickets,"Edgbaston, Birmingham",2019-06-19
Australia,Bangladesh,Australia,48 runs,"Trent Bridge, Nottingham",2019-06-20
Pakistan,Sri Lanka,Pakistan,15 runs,"Niaz Stadium, Hyderabad, Sind",1987-10-08
West Indies,England,England,2 wickets,"Municipal Stadium, Gujranwala",1987-10-09
Australia,India,Australia,1 runs,"MA Chidambaram Stadium, Chepauk, Madras",1987-10-09
New Zealand,Zimbabwe,New Zealand,3 runs,"Lal Bahadur Shastri Stadium, Hyderabad, Deccan",1987-10-10
Pakistan,England,Pakistan,18 runs,"Pindi Club Ground, Rawalpindi",1987-10-12
Australia,Zimbabwe,Australia,96 runs,"MA Chidambaram Stadium, Chepauk, Madras",1987-10-13
West Indies,Sri Lanka,West Indies,191 runs,"National Stadium, Karachi",1987-10-13
India,New Zealand,India,16 runs,"M Chinnaswamy Stadium, Bangalore",1987-10-14
West Indies,Pakistan,Pakistan,1 wickets,"Gaddafi Stadium, Lahore",1987-10-16
England,Sri Lanka,England,108 runs,"Arbab Niaz Stadium, Peshawar",1987-10-17
Zimbabwe,India,India,8 wickets,"Wankhede Stadium, Bombay",1987-10-17
Australia,New Zealand,Australia,3 runs,"Nehru Stadium, Indore",1987-10-18
England,Pakistan,Pakistan,7 wickets,"National Stadium, Karachi",1987-10-20
West Indies,Sri Lanka,West Indies,25 runs,"Green Park, Kanpur",1987-10-21
India,Australia,India,56 runs,"Feroz Shah Kotla, Delhi",1987-10-22
Zimbabwe,New Zealand,New Zealand,4 wickets,"Eden Gardens, Calcutta",1987-10-23
Pakistan,Sri Lanka,Pakistan,113 runs,"Iqbal Stadium, Faisalabad",1987-10-25
England,West Indies,England,34 runs,"Sawai Mansingh Stadium, Jaipur",1987-10-26
Zimbabwe,India,India,7 wickets,"Gujarat Stadium, Motera, Ahmedabad",1987-10-26
Australia,New Zealand,Australia,17 runs,"Sector 16 Stadium, Chandigarh",1987-10-27
Australia,Zimbabwe,Australia,70 runs,"Barabati Stadium, Cuttack",1987-10-30
Sri Lanka,England,England,8 wickets,"Nehru Stadium, Pune",1987-10-30
West Indies,Pakistan,West Indies,28 runs,"National Stadium, Karachi",1987-10-30
New Zealand,India,India,9 wickets,"Vidarbha Cricket Association Ground, Nagpur",1987-10-31
Australia,Pakistan,Australia,18 runs,"Gaddafi Stadium, Lahore",1987-11-04
England,India,England,35 runs,"Wankhede Stadium, Bombay",1987-11-05
New Zealand,Sri Lanka,New Zealand,98 runs,"Hagley Oval, Christchurch",2015-02-14
Australia,England,Australia,111 runs,Melbourne Cricket Ground,2015-02-14
South Africa,Zimbabwe,South Africa,62 runs,"Seddon Park, Hamilton",2015-02-15
India,Pakistan,India,76 runs,Adelaide Oval,2015-02-15
West Indies,Ireland,Ireland,4 wickets,"Saxton Oval, Nelson",2015-02-16
Scotland,New Zealand,New Zealand,3 wickets,"University Oval, Dunedin",2015-02-17
Bangladesh,Afghanistan,Bangladesh,105 runs,"Manuka Oval, Canberra",2015-02-18
United Arab Emirates,Zimbabwe,Zimbabwe,4 wickets,"Saxton Oval, Nelson",2015-02-19
England,New Zealand,New Zealand,8 wickets,"Westpac Stadium, Wellington",2015-02-20
West Indies,Pakistan,West Indies,150 runs,"Hagley Oval, Christchurch",2015-02-21
Australia,Bangladesh,No Result,,"Brisbane Cricket Ground, Woolloongabba, Brisbane",2015-02-21
Afghanistan,Sri Lanka,Sri Lanka,4 wickets,"University Oval, Dunedin",2015-02-22
India,South Africa,India,130 runs,Melbourne Cricket Ground,2015-02-22
England,Scotland,England,119 runs,"Hagley Oval, Christchurch",2015-02-23
West Indies,Zimbabwe,West Indies,73 runs,"Manuka Oval, Canberra",2015-02-24
United Arab Emirates,Ireland,Ireland,2 wickets,"Brisbane Cricket Ground, Woolloongabba, Brisbane",2015-02-25
Scotland,Afghanistan,Afghanistan,1 wickets,"University Oval, Dunedin",2015-02-26
Sri Lanka,Bangladesh,Sri Lanka,92 runs,Melbourne Cricket Ground,2015-02-26
South Africa,West Indies,South Africa,257 runs,Sydney Cricket Ground,2015-02-27
Australia,New Zealand,New Zealand,1 wickets,"Eden Park, Auckland",2015-02-28
United Arab Emirates,India,India,9 wickets,"Western Australia Cricket Association Ground, Perth",2015-02-28
England,Sri Lanka,Sri Lanka,9 wickets,"Westpac Stadium, Wellington",2015-03-01
Pakistan,Zimbabwe,Pakistan,20 runs,"Brisbane Cricket Ground, Woolloongabba, Brisbane",2015-03-01
South Africa,Ireland,South Africa,201 runs,"Manuka Oval, Canberra",2015-03-03
Pakistan,United Arab Emirates,Pakistan,129 runs,"McLean Park, Napier",2015-03-04
Australia,Afghanistan,Australia,275 runs,"Western Australia Cricket Association Ground, Perth",2015-03-04
England,New Zealand,England,106 runs,"Kennington Oval, London",1983-06-09
Pakistan,Sri Lanka,Pakistan,50 runs,"St Helen's, Swansea",1983-06-09
Zimbabwe,Australia,Zimbabwe,13 runs,"Trent Bridge, Nottingham",1983-06-09
India,West Indies,India,34 runs,"Old Trafford, Manchester",1983-06-09
England,Sri Lanka,England,47 runs,"County Ground, Taunton",1983-06-11
New Zealand,Pakistan,New Zealand,52 runs,"Edgbaston, Birmingham",1983-06-11
West Indies,Australia,West Indies,101 runs,"Headingley, Leeds",1983-06-11
Zimbabwe,India,India,5 wickets,"Grace Road, Leicester",1983-06-11
Pakistan,England,England,8 wickets,"Lord's, London",1983-06-13
Sri Lanka,New Zealand,New Zealand,5 wickets,"Phoenix County Ground, Bristol",1983-06-13
Australia,India,Australia,162 runs,"Trent Bridge, Nottingham",1983-06-13
Zimbabwe,West Indies,West Indies,8 wickets,"County Ground, New Road, Worcester",1983-06-13
England,New Zealand,New Zealand,2 wickets,"Edgbaston, Birmingham",1983-06-15
West Indies,India,West Indies,66 runs,"Kennington Oval, London",1983-06-15
Pakistan,Sri Lanka,Pakistan,11 runs,"Headingley, Leeds",1983-06-16
Australia,Zimbabwe,Australia,32 runs,"County Ground, Southampton",1983-06-16
Pakistan,England,England,7 wickets,"Old Trafford, Manchester",1983-06-18
New Zealand,Sri Lanka,Sri Lanka,3 wickets,"County Ground, Derby",1983-06-18
Australia,West Indies,West Indies,7 wickets,"Lord's, London",1983-06-18
India,Zimbabwe,India,31 runs,"Nevill Ground, Tunbridge Wells",1983-06-18
Sri Lanka,England,England,9 wickets,"Headingley, Leeds",1983-06-20
Pakistan,New Zealand,Pakistan,11 runs,"Trent Bridge, Nottingham",1983-06-20
India,Australia,India,118 runs,"County Ground, Chelmsford",1983-06-20
Zimbabwe,West Indies,West Indies,10 wickets,"Edgbaston, Birmingham",1983-06-20
England,India,India,6 wickets,"Old Trafford, Manchester",1983-06-22
Pakistan,West Indies,West Indies,8 wickets,"Kennington Oval, London",1983-06-22
Sri Lanka,England,England,8 wickets,"Lord's, London",1999-05-14
India,South Africa,South Africa,4 wickets,"New County Ground, Hove, Brighton",1999-05-15
Kenya,Zimbabwe,Zimbabwe,5 wickets,"County Ground, Taunton",1999-05-15
Scotland,Australia,Australia,6 wickets,"County Ground, New Road, Worcester",1999-05-16
Pakistan,West Indies,Pakistan,27 runs,"County Ground, Bristol",1999-05-16
Bangladesh,New Zealand,New Zealand,6 wickets,"County Ground, Chelmsford",1999-05-17
Kenya,England,England,9 wickets,"St Lawrence Ground, Canterbury",1999-05-18
Zimbabwe,India,Zimbabwe,3 runs,"Grace Road, Leicester",1999-05-19
South Africa,Sri Lanka,South Africa,89 runs,"County Ground, Northampton",1999-05-19
Australia,New Zealand,New Zealand,5 wickets,"Sophia Gardens, Cardiff",1999-05-20
Pakistan,Scotland,Pakistan,94 runs,"Riverside Ground, Chester-le-Street",1999-05-20
Bangladesh,West Indies,West Indies,7 wickets,"Clontarf Cricket Club Ground, Dublin",1999-05-21
South Africa,England,South Africa,122 runs,"Kennington Oval, London",1999-05-22
Zimbabwe,Sri Lanka,Sri Lanka,4 wickets,"County Ground, New Road, Worcester",1999-05-22
India,Kenya,India,94 runs,"County Ground, Bristol",1999-05-23
Pakistan,Australia,Pakistan,10 runs,"Headingley, Leeds",1999-05-23
Bangladesh,Scotland,Bangladesh,22 runs,"Grange Cricket Club Ground, Raeburn Place, Edinburgh",1999-05-24
New Zealand,West Indies,West Indies,7 wickets,"County Ground, Southampton",1999-05-24
Zimbabwe,England,England,7 wickets,"Trent Bridge, Nottingham",1999-05-25
Kenya,South Africa,South Africa,7 wickets,"VRA Ground, Amstelveen",1999-05-26
India,Sri Lanka,India,157 runs,"County Ground, Taunton",1999-05-26
Bangladesh,Australia,Australia,7 wickets,"Riverside Ground, Chester-le-Street",1999-05-27
Scotland,West Indies,West Indies,8 wickets,"Grace Road, Leicester",1999-05-27
Pakistan,New Zealand,Pakistan,62 runs,"County Ground, Derby",1999-05-28
India,England,India,63 runs,"Edgbaston, Birmingham",1999-05-29
Zimbabwe,South Africa,Zimbabwe,48 runs,"County Ground, Chelmsford",1999-05-29
West Indies,Pakistan,West Indies,54 runs,"Sabina Park, Kingston, Jamaica",2007-03-13
Australia,Scotland,Australia,203 runs,"Warner Park, Basseterre, St Kitts",2007-03-14
Canada,Kenya,Kenya,7 wickets,"Beausejour Stadium, Gros Islet, St Lucia",2007-03-14
Sri Lanka,Bermuda,Sri Lanka,243 runs,"Queen's Park Oval, Port of Spain, Trinidad",2007-03-15
Ireland,Zimbabwe,No Result,,"Sabina Park, Kingston, Jamaica",2007-03-15
England,New Zealand,New Zealand,6 wickets,"Beausejour Stadium, Gros Islet, St Lucia",2007-03-16
South Africa,Netherlands,South Africa,221 runs,"Warner Park, Basseterre, St Kitts",2007-03-16
India,Bangladesh,Bangladesh,5 wickets,"Queen's Park Oval, Port of Spain, Trinidad",2007-03-17
Pakistan,Ireland,Ireland,3 wickets,"Sabina Park, Kingston, Jamaica",2007-03-17
Australia,Netherlands,Australia,229 runs,"Warner Park, Basseterre, St Kitts",2007-03-18
England,Canada,England,51 runs,"Beausejour Stadium, Gros Islet, St Lucia",2007-03-18
India,Bermuda,India,257 runs,"Queen's Park Oval, Port of Spain, Trinidad",2007-03-19
Zimbabwe,West Indies,West Indies,6 wickets,"Sabina Park, Kingston, Jamaica",2007-03-19
New Zealand,Kenya,New Zealand,148 runs,"Beausejour Stadium, Gros Islet, St Lucia",2007-03-20
Scotland,South Africa,South Africa,7 wickets,"Warner Park, Basseterre, St Kitts",2007-03-20
Sri Lanka,Bangladesh,Sri Lanka,198 runs,"Queen's Park Oval, Port of Spain, Trinidad",2007-03-21
Pakistan,Zimbabwe,Pakistan,93 runs,"Sabina Park, Kingston, Jamaica",2007-03-21
New Zealand,Canada,New Zealand,114 runs,"Beausejour Stadium, Gros Islet, St Lucia",2007-03-22
Scotland,Netherlands,Netherlands,8 wickets,"Warner Park, Basseterre, St Kitts",2007-03-22
Sri Lanka,India,Sri Lanka,69 runs,"Queen's Park Oval, Port of Spain, Trinidad",2007-03-23
Ireland,West Indies,West Indies,8 wickets,"Sabina Park, Kingston, Jamaica",2007-03-23
Australia,South Africa,Australia,83 runs,"Warner Park, Basseterre, St Kitts",2007-03-24
Kenya,England,England,7 wickets,"Beausejour Stadium, Gros Islet, St Lucia",2007-03-24
Bermuda,Bangladesh,Bangladesh,7 wickets,"Queen's Park Oval, Port of Spain, Trinidad",2007-03-25
Australia,West Indies,Australia,103 runs,"Sir Vivian Richards Stadium, North Sound, Antigua",2007-03-27
Sri Lanka,South Africa,South Africa,1 wickets,"Providence Stadium, Guyana",2007-03-28
West Indies,South Africa,West Indies,3 runs,"Newlands, Cape Town",2003-02-09
Zimbabwe,Namibia,Zimbabwe,86 runs,Harare Sports Club,2003-02-10
Sri Lanka,New Zealand,Sri Lanka,47 runs,"Goodyear Park, Bloemfontein",2003-02-10
Australia,Pakistan,Australia,82 runs,"New Wanderers Stadium, Johannesburg",2003-02-11
Canada,Bangladesh,Canada,60 runs,"Kingsmead, Durban",2003-02-11
Kenya,South Africa,South Africa,10 wickets,"North West Cricket Stadium, Potchefstroom",2003-02-12
India,Netherlands,India,68 runs,"Boland Bank Park, Paarl",2003-02-12
Zimbabwe,England,Zimbabwe,Walkover,Harare Sports Club,2003-02-13
New Zealand,West Indies,New Zealand,20 runs,"St George's Park, Port Elizabeth",2003-02-13
Bangladesh,Sri Lanka,Sri Lanka,10 wickets,"City Oval, Pietermaritzburg",2003-02-14
India,Australia,Australia,9 wickets,"SuperSport Park, Centurion",2003-02-15
Canada,Kenya,Kenya,4 wickets,"Newlands, Cape Town",2003-02-15
Netherlands,England,England,6 wickets,"Buffalo Park, East London",2003-02-16
Pakistan,Namibia,Pakistan,171 runs,"De Beers Diamond Oval, Kimberley",2003-02-16
South Africa,New Zealand,New Zealand,9 wickets,"New Wanderers Stadium, Johannesburg",2003-02-16
West Indies,Bangladesh,No Result,,"Willowmoore Park, Benoni",2003-02-18
India,Zimbabwe,India,83 runs,Harare Sports Club,2003-02-19
Canada,Sri Lanka,Sri Lanka,9 wickets,"Boland Bank Park, Paarl",2003-02-19
England,Namibia,England,55 runs,"St George's Park, Port Elizabeth",2003-02-19
Australia,Netherlands,Australia,75 runs,"North West Cricket Stadium, Potchefstroom",2003-02-20
Kenya,New Zealand,Kenya,Walkover,"Gymkhana Club Ground, Nairobi",2003-02-21
Bangladesh,South Africa,South Africa,10 wickets,"Goodyear Park, Bloemfontein",2003-02-22
England,Pakistan,England,112 runs,"Newlands, Cape Town",2003-02-22
Canada,West Indies,West Indies,7 wickets,"SuperSport Park, Centurion",2003-02-23
India,Namibia,India,181 runs,"City Oval, Pietermaritzburg",2003-02-23
Kenya,Sri Lanka,Kenya,53 runs,"Gymkhana Club Ground, Nairobi",2003-02-24
,,,,,
,,,,,
,,,,,
,,,,,
,,,,,
,,,,,
,,,,,
,,,,,
,,,,,
India,Bangladesh,India,87 runs,"Shere Bangla National Stadium, Mirpur",2011-02-19
Kenya,New Zealand,New Zealand,10 wickets,"MA Chidambaram Stadium, Chepauk, Chennai",2011-02-20
Sri Lanka,Canada,Sri Lanka,210 runs,"Mahinda Rajapaksa International Cricket Stadium, Sooriyawewa, Hambantota",2011-02-20
Australia,Zimbabwe,Australia,91 runs,"Sardar Patel Stadium, Motera, Ahmedabad",2011-02-21
Netherlands,England,England,6 wickets,"Vidarbha Cricket Association Stadium, Jamtha, Nagpur",2011-02-22
Pakistan,Kenya,Pakistan,205 runs,"Mahinda Rajapaksa International Cricket Stadium, Sooriyawewa, Hambantota",2011-02-23
West Indies,South Africa,South Africa,7 wickets,"Feroz Shah Kotla, Delhi",2011-02-24
New Zealand,Australia,Australia,7 wickets,"Vidarbha Cricket Association Stadium, Jamtha, Nagpur",2011-02-25
Bangladesh,Ireland,Bangladesh,27 runs,"Shere Bangla National Stadium, Mirpur",2011-02-25
Pakistan,Sri Lanka,Pakistan,11 runs,"R Premadasa Stadium, Colombo",2011-02-26
India,England,Tie,,"M Chinnaswamy Stadium, Bangalore",2011-02-27
Zimbabwe,Canada,Zimbabwe,175 runs,"Vidarbha Cricket Association Stadium, Jamtha, Nagpur",2011-02-28
West Indies,Netherlands,West Indies,215 runs,"Feroz Shah Kotla, Delhi",2011-02-28
Kenya,Sri Lanka,Sri Lanka,9 wickets,"R Premadasa Stadium, Colombo",2011-03-01
England,Ireland,Ireland,3 wickets,"M Chinnaswamy Stadium, Bangalore",2011-03-02
South Africa,Netherlands,South Africa,231 runs,"Punjab Cricket Association Stadium, Mohali, Chandigarh",2011-03-03
Pakistan,Canada,Pakistan,46 runs,"R Premadasa Stadium, Colombo",2011-03-03
Zimbabwe,New Zealand,New Zealand,10 wickets,"Sardar Patel Stadium, Motera, Ahmedabad",2011-03-04
Bangladesh,West Indies,West Indies,9 wickets,"Shere Bangla National Stadium, Mirpur",2011-03-04
Sri Lanka,Australia,No Result,,"R Premadasa Stadium, Colombo",2011-03-05
England,South Africa,England,6 runs,"MA Chidambaram Stadium, Chepauk, Chennai",2011-03-06
Ireland,India,India,5 wickets,"M Chinnaswamy Stadium, Bangalore",2011-03-06
Kenya,Canada,Canada,5 wickets,"Feroz Shah Kotla, Delhi",2011-03-07
New Zealand,Pakistan,New Zealand,110 runs,Pallekele International Cricket Stadium,2011-03-08
Netherlands,India,India,5 wickets,"Feroz Shah Kotla, Delhi",2011-03-09
Sri Lanka,Zimbabwe,Sri Lanka,139 runs,Pallekele International Cricket Stadium,2011-03-10
India,West Indies,West Indies,9 wickets,"Edgbaston, Birmingham",1979-06-09
Sri Lanka,New Zealand,New Zealand,9 wickets,"Trent Bridge, Nottingham",1979-06-09
Australia,England,England,6 wickets,"Lord's, London",1979-06-09
Canada,Pakistan,Pakistan,8 wickets,"Headingley, Leeds",1979-06-09
Sri Lanka,West Indies,No Result,,"Kennington Oval, London",1979-06-13
India,New Zealand,New Zealand,8 wickets,"Headingley, Leeds",1979-06-13
Pakistan,Australia,Pakistan,89 runs,"Trent Bridge, Nottingham",1979-06-13
Canada,England,England,8 wickets,"Old Trafford, Manchester",1979-06-13
Sri Lanka,India,Sri Lanka,47 runs,"Old Trafford, Manchester",1979-06-16
West Indies,New Zealand,West Indies,32 runs,"Trent Bridge, Nottingham",1979-06-16
Canada,Australia,Australia,7 wickets,"Edgbaston, Birmingham",1979-06-16
England,Pakistan,England,14 runs,"Headingley, Leeds",1979-06-16
England,New Zealand,England,9 runs,"Old Trafford, Manchester",1979-06-20
West Indies,Pakistan,West Indies,43 runs,"Kennington Oval, London",1979-06-20
West Indies,England,West Indies,92 runs,"Lord's, London",1979-06-23
